{
  "obby": {
    "plotData": {
      "version": "1.0",
      "plotSize": {
        "width": 61,
        "length": 61,
        "height": 100
      },
      "plotCenter": {
        "x": -39.5,
        "y": 1,
        "z": 31.5
      },
      "plotSide": "left",
      "blocks": [
        {
          "relativePos": {
            "x": 30.5,
            "y": 0,
            "z": -1.5
          },
          "blockTypeId": 1
        },
        {
          "relativePos": {
            "x": 29.5,
            "y": 0,
            "z": -1.5
          },
          "blockTypeId": 1
        },
        {
          "relativePos": {
            "x": 29.5,
            "y": 0,
            "z": -0.5
          },
          "blockTypeId": 1
        },
        {
          "relativePos": {
            "x": 30.5,
            "y": 0,
            "z": 0.5
          },
          "blockTypeId": 1
        },
        {
          "relativePos": {
            "x": 30.5,
            "y": 0,
            "z": -0.5
          },
          "blockTypeId": 100
        },
        {
          "relativePos": {
            "x": 30.5,
            "y": 0,
            "z": 1.5
          },
          "blockTypeId": 1
        },
        {
          "relativePos": {
            "x": 30.5,
            "y": 1,
            "z": 2.5
          },
          "blockTypeId": 1
        },
        {
          "relativePos": {
            "x": 30.5,
            "y": 2,
            "z": 3.5
          },
          "blockTypeId": 1
        },
        {
          "relativePos": {
            "x": 30.5,
            "y": 3,
            "z": 4.5
          },
          "blockTypeId": 1
        },
        {
          "relativePos": {
            "x": 30.5,
            "y": 4,
            "z": 5.5
          },
          "blockTypeId": 1
        },
        {
          "relativePos": {
            "x": 30.5,
            "y": 5,
            "z": 6.5
          },
          "blockTypeId": 1
        },
        {
          "relativePos": {
            "x": 30.5,
            "y": 6,
            "z": 7.5
          },
          "blockTypeId": 1
        },
        {
          "relativePos": {
            "x": 30.5,
            "y": 7,
            "z": 8.5
          },
          "blockTypeId": 1
        },
        {
          "relativePos": {
            "x": 30.5,
            "y": 7,
            "z": 9.5
          },
          "blockTypeId": 1
        },
        {
          "relativePos": {
            "x": 30.5,
            "y": 7,
            "z": 10.5
          },
          "blockTypeId": 1
        },
        {
          "relativePos": {
            "x": 30.5,
            "y": 7,
            "z": 11.5
          },
          "blockTypeId": 1
        },
        {
          "relativePos": {
            "x": 17.5,
            "y": 4,
            "z": 8.5
          },
          "blockTypeId": 9
        },
        {
          "relativePos": {
            "x": 16.5,
            "y": 4,
            "z": 8.5
          },
          "blockTypeId": 9
        },
        {
          "relativePos": {
            "x": 16.5,
            "y": 4,
            "z": 9.5
          },
          "blockTypeId": 9
        },
        {
          "relativePos": {
            "x": 9.5,
            "y": 2,
            "z": -2.5
          },
          "blockTypeId": 9
        },
        {
          "relativePos": {
            "x": 8.5,
            "y": 2,
            "z": -2.5
          },
          "blockTypeId": 9
        },
        {
          "relativePos": {
            "x": 8.5,
            "y": 2,
            "z": -1.5
          },
          "blockTypeId": 9
        },
        {
          "relativePos": {
            "x": -0.5,
            "y": 0,
            "z": -16.5
          },
          "blockTypeId": 101
        },
        {
          "relativePos": {
            "x": -1.5,
            "y": 0,
            "z": -16.5
          },
          "blockTypeId": 9
        },
        {
          "relativePos": {
            "x": -0.5,
            "y": 0,
            "z": -15.5
          },
          "blockTypeId": 9
        },
        {
          "relativePos": {
            "x": 0.5,
            "y": 0,
            "z": -16.5
          },
          "blockTypeId": 9
        },
        {
          "relativePos": {
            "x": -0.5,
            "y": 0,
            "z": -17.5
          },
          "blockTypeId": 9
        }
      ],
      "obstacles": [
        {
          "id": "bounce_pad_small",
          "type": "bounce_pad",
          "size": "small",
          "relativePos": {
            "x": 24.5,
            "y": 5,
            "z": 10.5
          },
          "config": {}
        },
        {
          "id": "bounce_pad_small",
          "type": "bounce_pad",
          "size": "small",
          "relativePos": {
            "x": 3.5,
            "y": 1,
            "z": -7.5
          },
          "config": {}
        },
        {
          "id": "rotating_beam_small",
          "type": "rotating_beam",
          "size": "small",
          "relativePos": {
            "x": 9.5,
            "y": 4,
            "z": -1.5
          },
          "config": {}
        },
        {
          "id": "bounce_pad_small",
          "type": "bounce_pad",
          "size": "small",
          "relativePos": {
            "x": 14.5,
            "y": 3,
            "z": 5.5
          },
          "config": {}
        }
      ],
      "lastModified": 1752676873505,
      "creatorName": "cake",
      "creatorId": "cake",
      "scoreboard": []
    },
    "cash": 55
  }
}