{
  "blockTypes": [
    {
      "id": 1,
      "name": "bricks",
      "textureUri": "blocks/bricks.png"
    },
    {
      "id": 2,
      "name": "clay",
      "textureUri": "blocks/clay.png"
    },
    {
      "id": 3,
      "name": "diamond-ore",
      "textureUri": "blocks/diamond-ore.png"
    },
    {
      "id": 4,
      "name": "dirt",
      "textureUri": "blocks/dirt.png"
    },
    {
      "id": 5,
      "name": "dragons-stone",
      "textureUri": "blocks/dragons-stone.png"
    },
    {
      "id": 6,
      "name": "glass",
      "textureUri": "blocks/glass.png"
    },
    {
      "id": 7,
      "name": "grass",
      "textureUri": "blocks/grass"
    },
    {
      "id": 8,
      "name": "gravel",
      "textureUri": "blocks/gravel.png"
    },
    {
      "id": 9,
      "name": "ice",
      "textureUri": "blocks/ice.png"
    },
    {
      "id": 10,
      "name": "infected-shadowrock",
      "textureUri": "blocks/infected-shadowrock.png"
    },
    {
      "id": 11,
      "name": "log-side",
      "textureUri": "blocks/log"
    },
    {
      "id": 12,
      "name": "log-top",
      "textureUri": "blocks/log"
    },
    {
      "id": 13,
      "name": "mossy-coblestone",
      "textureUri": "blocks/mossy-coblestone.png"
    },
    {
      "id": 14,
      "name": "nuit",
      "textureUri": "blocks/nuit.png"
    },
    {
      "id": 15,
      "name": "oak-leaves",
      "textureUri": "blocks/oak-leaves.png"
    },
    {
      "id": 16,
      "name": "oak-planks",
      "textureUri": "blocks/oak-planks.png"
    },
    {
      "id": 17,
      "name": "sand",
      "textureUri": "blocks/sand.png"
    },
    {
      "id": 18,
      "name": "shadowrock",
      "textureUri": "blocks/shadowrock.png"
    },
    {
      "id": 19,
      "name": "stone",
      "textureUri": "blocks/stone.png"
    },
    {
      "id": 20,
      "name": "stone-bricks",
      "textureUri": "blocks/stone-bricks.png"
    },
    {
      "id": 21,
      "name": "void-sand",
      "textureUri": "blocks/void-sand.png"
    },
    {
      "id": 22,
      "name": "water-still",
      "textureUri": "blocks/water-still.png",
      "isLiquid": true
    }
  ],
  "blocks": {
    "-24,0,-24": 7,
    "-24,0,-23": 7,
    "-24,0,-22": 7,
    "-24,0,-21": 7,
    "-24,0,-20": 7,
    "-24,0,-19": 7,
    "-24,0,-18": 7,
    "-24,0,-17": 7,
    "-24,0,-16": 7,
    "-24,0,-15": 7,
    "-24,0,-14": 7,
    "-24,0,-13": 7,
    "-24,0,-12": 7,
    "-24,0,-11": 7,
    "-24,0,-10": 7,
    "-24,0,-9": 7,
    "-24,0,-8": 7,
    "-24,0,-7": 7,
    "-24,0,-6": 7,
    "-24,0,-5": 7,
    "-24,0,-4": 7,
    "-24,0,-3": 7,
    "-24,0,-2": 7,
    "-24,0,-1": 7,
    "-24,0,0": 7,
    "-24,0,1": 7,
    "-24,0,2": 7,
    "-24,0,3": 7,
    "-24,0,4": 7,
    "-24,0,5": 7,
    "-24,0,6": 7,
    "-24,0,7": 7,
    "-24,0,8": 7,
    "-24,0,9": 7,
    "-24,0,10": 7,
    "-24,0,11": 7,
    "-24,0,12": 7,
    "-24,0,13": 7,
    "-24,0,14": 7,
    "-24,0,15": 7,
    "-24,0,16": 7,
    "-24,0,17": 7,
    "-24,0,18": 7,
    "-24,0,19": 7,
    "-24,0,20": 7,
    "-24,0,21": 7,
    "-24,0,22": 7,
    "-24,0,23": 7,
    "-24,0,24": 7,
    "-24,0,25": 7,
    "-23,0,-24": 7,
    "-23,0,-23": 7,
    "-23,0,-22": 7,
    "-23,0,-21": 7,
    "-23,0,-20": 7,
    "-23,0,-19": 7,
    "-23,0,-18": 7,
    "-23,0,-17": 7,
    "-23,0,-16": 7,
    "-23,0,-15": 7,
    "-23,0,-14": 7,
    "-23,0,-13": 7,
    "-23,0,-12": 7,
    "-23,0,-11": 7,
    "-23,0,-10": 7,
    "-23,0,-9": 7,
    "-23,0,-8": 7,
    "-23,0,-7": 7,
    "-23,0,-6": 7,
    "-23,0,-5": 7,
    "-23,0,-4": 7,
    "-23,0,-3": 7,
    "-23,0,-2": 7,
    "-23,0,-1": 7,
    "-23,0,0": 7,
    "-23,0,1": 7,
    "-23,0,2": 7,
    "-23,0,3": 7,
    "-23,0,4": 7,
    "-23,0,5": 7,
    "-23,0,6": 7,
    "-23,0,7": 7,
    "-23,0,8": 7,
    "-23,0,9": 7,
    "-23,0,10": 7,
    "-23,0,11": 7,
    "-23,0,12": 7,
    "-23,0,13": 7,
    "-23,0,14": 7,
    "-23,0,15": 7,
    "-23,0,16": 7,
    "-23,0,17": 7,
    "-23,0,18": 7,
    "-23,0,19": 7,
    "-23,0,20": 7,
    "-23,0,21": 7,
    "-23,0,22": 7,
    "-23,0,23": 7,
    "-23,0,24": 7,
    "-23,0,25": 7,
    "-22,0,-24": 7,
    "-22,0,-23": 7,
    "-22,0,-22": 7,
    "-22,0,-21": 7,
    "-22,0,-20": 7,
    "-22,0,-19": 7,
    "-22,0,-18": 7,
    "-22,0,-17": 7,
    "-22,0,-16": 7,
    "-22,0,-15": 7,
    "-22,0,-14": 7,
    "-22,0,-13": 7,
    "-22,0,-12": 7,
    "-22,0,-11": 7,
    "-22,0,-10": 7,
    "-22,0,-9": 7,
    "-22,0,-8": 7,
    "-22,0,-7": 7,
    "-22,0,-6": 7,
    "-22,0,-5": 7,
    "-22,0,-4": 7,
    "-22,0,-3": 7,
    "-22,0,-2": 7,
    "-22,0,-1": 7,
    "-22,0,0": 7,
    "-22,0,1": 7,
    "-22,0,2": 7,
    "-22,0,3": 7,
    "-22,0,4": 7,
    "-22,0,5": 7,
    "-22,0,6": 7,
    "-22,0,7": 7,
    "-22,0,8": 7,
    "-22,0,9": 7,
    "-22,0,10": 7,
    "-22,0,11": 7,
    "-22,0,12": 7,
    "-22,0,13": 7,
    "-22,0,14": 7,
    "-22,0,15": 7,
    "-22,0,16": 7,
    "-22,0,17": 7,
    "-22,0,18": 7,
    "-22,0,19": 7,
    "-22,0,20": 7,
    "-22,0,21": 7,
    "-22,0,22": 7,
    "-22,0,23": 7,
    "-22,0,24": 7,
    "-22,0,25": 7,
    "-21,0,-24": 7,
    "-21,0,-23": 7,
    "-21,0,-22": 7,
    "-21,0,-21": 7,
    "-21,0,-20": 7,
    "-21,0,-19": 7,
    "-21,0,-18": 7,
    "-21,0,-17": 7,
    "-21,0,-16": 7,
    "-21,0,-15": 7,
    "-21,0,-14": 7,
    "-21,0,-13": 7,
    "-21,0,-12": 7,
    "-21,0,-11": 7,
    "-21,0,-10": 7,
    "-21,0,-9": 7,
    "-21,0,-8": 7,
    "-21,0,-7": 7,
    "-21,0,-6": 7,
    "-21,0,-5": 7,
    "-21,0,-4": 7,
    "-21,0,-3": 7,
    "-21,0,-2": 7,
    "-21,0,-1": 7,
    "-21,0,0": 7,
    "-21,0,1": 7,
    "-21,0,2": 7,
    "-21,0,3": 7,
    "-21,0,4": 7,
    "-21,0,5": 7,
    "-21,0,6": 7,
    "-21,0,7": 7,
    "-21,0,8": 7,
    "-21,0,9": 7,
    "-21,0,10": 7,
    "-21,0,11": 7,
    "-21,0,12": 7,
    "-21,0,13": 7,
    "-21,0,14": 7,
    "-21,0,15": 7,
    "-21,0,16": 7,
    "-21,0,17": 7,
    "-21,0,18": 7,
    "-21,0,19": 7,
    "-21,0,20": 7,
    "-21,0,21": 7,
    "-21,0,22": 7,
    "-21,0,23": 7,
    "-21,0,24": 7,
    "-21,0,25": 7,
    "-20,0,-24": 7,
    "-20,0,-23": 7,
    "-20,0,-22": 7,
    "-20,0,-21": 7,
    "-20,0,-20": 7,
    "-20,0,-19": 7,
    "-20,0,-18": 7,
    "-20,0,-17": 7,
    "-20,0,-16": 7,
    "-20,0,-15": 7,
    "-20,0,-14": 7,
    "-20,0,-13": 7,
    "-20,0,-12": 7,
    "-20,0,-11": 7,
    "-20,0,-10": 7,
    "-20,0,-9": 7,
    "-20,0,-8": 7,
    "-20,0,-7": 7,
    "-20,0,-6": 7,
    "-20,0,-5": 7,
    "-20,0,-4": 7,
    "-20,0,-3": 7,
    "-20,0,-2": 7,
    "-20,0,-1": 7,
    "-20,0,0": 7,
    "-20,0,1": 7,
    "-20,0,2": 7,
    "-20,0,3": 7,
    "-20,0,4": 7,
    "-20,0,5": 7,
    "-20,0,6": 7,
    "-20,0,7": 7,
    "-20,0,8": 7,
    "-20,0,9": 7,
    "-20,0,10": 7,
    "-20,0,11": 7,
    "-20,0,12": 7,
    "-20,0,13": 7,
    "-20,0,14": 7,
    "-20,0,15": 7,
    "-20,0,16": 7,
    "-20,0,17": 7,
    "-20,0,18": 7,
    "-20,0,19": 7,
    "-20,0,20": 7,
    "-20,0,21": 7,
    "-20,0,22": 7,
    "-20,0,23": 7,
    "-20,0,24": 7,
    "-20,0,25": 7,
    "-19,0,-24": 7,
    "-19,0,-23": 7,
    "-19,0,-22": 7,
    "-19,0,-21": 7,
    "-19,0,-20": 7,
    "-19,0,-19": 7,
    "-19,0,-18": 7,
    "-19,0,-17": 7,
    "-19,0,-16": 7,
    "-19,0,-15": 7,
    "-19,0,-14": 7,
    "-19,0,-13": 7,
    "-19,0,-12": 7,
    "-19,0,-11": 7,
    "-19,0,-10": 7,
    "-19,0,-9": 7,
    "-19,0,-8": 7,
    "-19,0,-7": 7,
    "-19,0,-6": 7,
    "-19,0,-5": 7,
    "-19,0,-4": 7,
    "-19,0,-3": 7,
    "-19,0,-2": 7,
    "-19,0,-1": 7,
    "-19,0,0": 7,
    "-19,0,1": 7,
    "-19,0,2": 7,
    "-19,0,3": 7,
    "-19,0,4": 7,
    "-19,0,5": 7,
    "-19,0,6": 7,
    "-19,0,7": 7,
    "-19,0,8": 7,
    "-19,0,9": 7,
    "-19,0,10": 7,
    "-19,0,11": 7,
    "-19,0,12": 7,
    "-19,0,13": 7,
    "-19,0,14": 7,
    "-19,0,15": 7,
    "-19,0,16": 7,
    "-19,0,17": 7,
    "-19,0,18": 7,
    "-19,0,19": 7,
    "-19,0,20": 7,
    "-19,0,21": 7,
    "-19,0,22": 7,
    "-19,0,23": 7,
    "-19,0,24": 7,
    "-19,0,25": 7,
    "-18,0,-24": 7,
    "-18,0,-23": 7,
    "-18,0,-22": 7,
    "-18,0,-21": 7,
    "-18,0,-20": 7,
    "-18,0,-19": 7,
    "-18,0,-18": 7,
    "-18,0,-17": 7,
    "-18,0,-16": 7,
    "-18,0,-15": 7,
    "-18,0,-14": 7,
    "-18,0,-13": 7,
    "-18,0,-12": 7,
    "-18,0,-11": 7,
    "-18,0,-10": 7,
    "-18,0,-9": 7,
    "-18,0,-8": 7,
    "-18,0,-7": 7,
    "-18,0,-6": 7,
    "-18,0,-5": 7,
    "-18,0,-4": 7,
    "-18,0,-3": 7,
    "-18,0,-2": 7,
    "-18,0,-1": 7,
    "-18,0,0": 7,
    "-18,0,1": 7,
    "-18,0,2": 7,
    "-18,0,3": 7,
    "-18,0,4": 7,
    "-18,0,5": 7,
    "-18,0,6": 7,
    "-18,0,7": 7,
    "-18,0,8": 7,
    "-18,0,9": 7,
    "-18,0,10": 7,
    "-18,0,11": 7,
    "-18,0,12": 7,
    "-18,0,13": 7,
    "-18,0,14": 7,
    "-18,0,15": 7,
    "-18,0,16": 7,
    "-18,0,17": 7,
    "-18,0,18": 7,
    "-18,0,19": 7,
    "-18,0,20": 7,
    "-18,0,21": 7,
    "-18,0,22": 7,
    "-18,0,23": 7,
    "-18,0,24": 7,
    "-18,0,25": 7,
    "-17,0,-24": 7,
    "-17,0,-23": 7,
    "-17,0,-22": 7,
    "-17,0,-21": 7,
    "-17,0,-20": 7,
    "-17,0,-19": 7,
    "-17,0,-18": 7,
    "-17,0,-17": 7,
    "-17,0,-16": 7,
    "-17,0,-15": 7,
    "-17,0,-14": 7,
    "-17,0,-13": 7,
    "-17,0,-12": 7,
    "-17,0,-11": 7,
    "-17,0,-10": 7,
    "-17,0,-9": 7,
    "-17,0,-8": 7,
    "-17,0,-7": 7,
    "-17,0,-6": 7,
    "-17,0,-5": 7,
    "-17,0,-4": 7,
    "-17,0,-3": 7,
    "-17,0,-2": 7,
    "-17,0,-1": 7,
    "-17,0,0": 7,
    "-17,0,1": 7,
    "-17,0,2": 7,
    "-17,0,3": 7,
    "-17,0,4": 7,
    "-17,0,5": 7,
    "-17,0,6": 7,
    "-17,0,7": 7,
    "-17,0,8": 7,
    "-17,0,9": 7,
    "-17,0,10": 7,
    "-17,0,11": 7,
    "-17,0,12": 7,
    "-17,0,13": 7,
    "-17,0,14": 7,
    "-17,0,15": 7,
    "-17,0,16": 7,
    "-17,0,17": 7,
    "-17,0,18": 7,
    "-17,0,19": 7,
    "-17,0,20": 7,
    "-17,0,21": 7,
    "-17,0,22": 7,
    "-17,0,23": 7,
    "-17,0,24": 7,
    "-17,0,25": 7,
    "-16,0,-24": 7,
    "-16,0,-23": 7,
    "-16,0,-22": 7,
    "-16,0,-21": 7,
    "-16,0,-20": 7,
    "-16,0,-19": 7,
    "-16,0,-18": 7,
    "-16,0,-17": 7,
    "-16,0,-16": 7,
    "-16,0,-15": 7,
    "-16,0,-14": 7,
    "-16,0,-13": 7,
    "-16,0,-12": 7,
    "-16,0,-11": 7,
    "-16,0,-10": 7,
    "-16,0,-9": 7,
    "-16,0,-8": 7,
    "-16,0,-7": 7,
    "-16,0,-6": 7,
    "-16,0,-5": 7,
    "-16,0,-4": 7,
    "-16,0,-3": 7,
    "-16,0,-2": 7,
    "-16,0,-1": 7,
    "-16,0,0": 7,
    "-16,0,1": 7,
    "-16,0,2": 7,
    "-16,0,3": 7,
    "-16,0,4": 7,
    "-16,0,5": 7,
    "-16,0,6": 7,
    "-16,0,7": 7,
    "-16,0,8": 7,
    "-16,0,9": 7,
    "-16,0,10": 7,
    "-16,0,11": 7,
    "-16,0,12": 7,
    "-16,0,13": 7,
    "-16,0,14": 7,
    "-16,0,15": 7,
    "-16,0,16": 7,
    "-16,0,17": 7,
    "-16,0,18": 7,
    "-16,0,19": 7,
    "-16,0,20": 7,
    "-16,0,21": 7,
    "-16,0,22": 7,
    "-16,0,23": 7,
    "-16,0,24": 7,
    "-16,0,25": 7,
    "-15,0,-24": 7,
    "-15,0,-23": 7,
    "-15,0,-22": 7,
    "-15,0,-21": 7,
    "-15,0,-20": 7,
    "-15,0,-19": 7,
    "-15,0,-18": 7,
    "-15,0,-17": 7,
    "-15,0,-16": 7,
    "-15,0,-15": 7,
    "-15,0,-14": 7,
    "-15,0,-13": 7,
    "-15,0,-12": 7,
    "-15,0,-11": 7,
    "-15,0,-10": 7,
    "-15,0,-9": 7,
    "-15,0,-8": 7,
    "-15,0,-7": 7,
    "-15,0,-6": 7,
    "-15,0,-5": 7,
    "-15,0,-4": 7,
    "-15,0,-3": 7,
    "-15,0,-2": 7,
    "-15,0,-1": 7,
    "-15,0,0": 7,
    "-15,0,1": 7,
    "-15,0,2": 7,
    "-15,0,3": 7,
    "-15,0,4": 7,
    "-15,0,5": 7,
    "-15,0,6": 7,
    "-15,0,7": 7,
    "-15,0,8": 7,
    "-15,0,9": 7,
    "-15,0,10": 7,
    "-15,0,11": 7,
    "-15,0,12": 7,
    "-15,0,13": 7,
    "-15,0,14": 7,
    "-15,0,15": 7,
    "-15,0,16": 7,
    "-15,0,17": 7,
    "-15,0,18": 7,
    "-15,0,19": 7,
    "-15,0,20": 7,
    "-15,0,21": 7,
    "-15,0,22": 7,
    "-15,0,23": 7,
    "-15,0,24": 7,
    "-15,0,25": 7,
    "-14,0,-24": 7,
    "-14,0,-23": 7,
    "-14,0,-22": 7,
    "-14,0,-21": 7,
    "-14,0,-20": 7,
    "-14,0,-19": 7,
    "-14,0,-18": 7,
    "-14,0,-17": 7,
    "-14,0,-16": 7,
    "-14,0,-15": 7,
    "-14,0,-14": 7,
    "-14,0,-13": 7,
    "-14,0,-12": 7,
    "-14,0,-11": 7,
    "-14,0,-10": 7,
    "-14,0,-9": 7,
    "-14,0,-8": 7,
    "-14,0,-7": 7,
    "-14,0,-6": 7,
    "-14,0,-5": 7,
    "-14,0,-4": 7,
    "-14,0,-3": 7,
    "-14,0,-2": 7,
    "-14,0,-1": 7,
    "-14,0,0": 7,
    "-14,0,1": 7,
    "-14,0,2": 7,
    "-14,0,3": 7,
    "-14,0,4": 7,
    "-14,0,5": 7,
    "-14,0,6": 7,
    "-14,0,7": 7,
    "-14,0,8": 7,
    "-14,0,9": 7,
    "-14,0,10": 7,
    "-14,0,11": 7,
    "-14,0,12": 7,
    "-14,0,13": 7,
    "-14,0,14": 7,
    "-14,0,15": 7,
    "-14,0,16": 7,
    "-14,0,17": 7,
    "-14,0,18": 7,
    "-14,0,19": 7,
    "-14,0,20": 7,
    "-14,0,21": 7,
    "-14,0,22": 7,
    "-14,0,23": 7,
    "-14,0,24": 7,
    "-14,0,25": 7,
    "-13,0,-24": 7,
    "-13,0,-23": 7,
    "-13,0,-22": 7,
    "-13,0,-21": 7,
    "-13,0,-20": 7,
    "-13,0,-19": 7,
    "-13,0,-18": 7,
    "-13,0,-17": 7,
    "-13,0,-16": 7,
    "-13,0,-15": 7,
    "-13,0,-14": 7,
    "-13,0,-13": 7,
    "-13,0,-12": 7,
    "-13,0,-11": 7,
    "-13,0,-10": 7,
    "-13,0,-9": 7,
    "-13,0,-8": 7,
    "-13,0,-7": 7,
    "-13,0,-6": 7,
    "-13,0,-5": 7,
    "-13,0,-4": 7,
    "-13,0,-3": 7,
    "-13,0,-2": 7,
    "-13,0,-1": 7,
    "-13,0,0": 7,
    "-13,0,1": 7,
    "-13,0,2": 7,
    "-13,0,3": 7,
    "-13,0,4": 7,
    "-13,0,5": 7,
    "-13,0,6": 7,
    "-13,0,7": 7,
    "-13,0,8": 7,
    "-13,0,9": 7,
    "-13,0,10": 7,
    "-13,0,11": 7,
    "-13,0,12": 7,
    "-13,0,13": 7,
    "-13,0,14": 7,
    "-13,0,15": 7,
    "-13,0,16": 7,
    "-13,0,17": 7,
    "-13,0,18": 7,
    "-13,0,19": 7,
    "-13,0,20": 7,
    "-13,0,21": 7,
    "-13,0,22": 7,
    "-13,0,23": 7,
    "-13,0,24": 7,
    "-13,0,25": 7,
    "-12,0,-24": 7,
    "-12,0,-23": 7,
    "-12,0,-22": 7,
    "-12,0,-21": 7,
    "-12,0,-20": 7,
    "-12,0,-19": 7,
    "-12,0,-18": 7,
    "-12,0,-17": 7,
    "-12,0,-16": 7,
    "-12,0,-15": 7,
    "-12,0,-14": 7,
    "-12,0,-13": 7,
    "-12,0,-12": 7,
    "-12,0,-11": 7,
    "-12,0,-10": 7,
    "-12,0,-9": 7,
    "-12,0,-8": 7,
    "-12,0,-7": 7,
    "-12,0,-6": 7,
    "-12,0,-5": 7,
    "-12,0,-4": 7,
    "-12,0,-3": 7,
    "-12,0,-2": 7,
    "-12,0,-1": 7,
    "-12,0,0": 7,
    "-12,0,1": 7,
    "-12,0,2": 7,
    "-12,0,3": 7,
    "-12,0,4": 7,
    "-12,0,5": 7,
    "-12,0,6": 7,
    "-12,0,7": 7,
    "-12,0,8": 7,
    "-12,0,9": 7,
    "-12,0,10": 7,
    "-12,0,11": 7,
    "-12,0,12": 7,
    "-12,0,13": 7,
    "-12,0,14": 7,
    "-12,0,15": 7,
    "-12,0,16": 7,
    "-12,0,17": 7,
    "-12,0,18": 7,
    "-12,0,19": 7,
    "-12,0,20": 7,
    "-12,0,21": 7,
    "-12,0,22": 7,
    "-12,0,23": 7,
    "-12,0,24": 7,
    "-12,0,25": 7,
    "-11,0,-24": 7,
    "-11,0,-23": 7,
    "-11,0,-22": 7,
    "-11,0,-21": 7,
    "-11,0,-20": 7,
    "-11,0,-19": 7,
    "-11,0,-18": 7,
    "-11,0,-17": 7,
    "-11,0,-16": 7,
    "-11,0,-15": 7,
    "-11,0,-14": 7,
    "-11,0,-13": 7,
    "-11,0,-12": 7,
    "-11,0,-11": 7,
    "-11,0,-10": 7,
    "-11,0,-9": 7,
    "-11,0,-8": 7,
    "-11,0,-7": 7,
    "-11,0,-6": 7,
    "-11,0,-5": 7,
    "-11,0,-4": 7,
    "-11,0,-3": 7,
    "-11,0,-2": 7,
    "-11,0,-1": 7,
    "-11,0,0": 7,
    "-11,0,1": 7,
    "-11,0,2": 7,
    "-11,0,3": 7,
    "-11,0,4": 7,
    "-11,0,5": 7,
    "-11,0,6": 7,
    "-11,0,7": 7,
    "-11,0,8": 7,
    "-11,0,9": 7,
    "-11,0,10": 7,
    "-11,0,11": 7,
    "-11,0,12": 7,
    "-11,0,13": 7,
    "-11,0,14": 7,
    "-11,0,15": 7,
    "-11,0,16": 7,
    "-11,0,17": 7,
    "-11,0,18": 7,
    "-11,0,19": 7,
    "-11,0,20": 7,
    "-11,0,21": 7,
    "-11,0,22": 7,
    "-11,0,23": 7,
    "-11,0,24": 7,
    "-11,0,25": 7,
    "-10,0,-24": 7,
    "-10,0,-23": 7,
    "-10,0,-22": 7,
    "-10,0,-21": 7,
    "-10,0,-20": 7,
    "-10,0,-19": 7,
    "-10,0,-18": 7,
    "-10,0,-17": 7,
    "-10,0,-16": 7,
    "-10,0,-15": 7,
    "-10,0,-14": 7,
    "-10,0,-13": 7,
    "-10,0,-12": 7,
    "-10,0,-11": 7,
    "-10,0,-10": 7,
    "-10,0,-9": 7,
    "-10,0,-8": 7,
    "-10,0,-7": 7,
    "-10,0,-6": 7,
    "-10,0,-5": 7,
    "-10,0,-4": 7,
    "-10,0,-3": 7,
    "-10,0,-2": 7,
    "-10,0,-1": 7,
    "-10,0,0": 7,
    "-10,0,1": 7,
    "-10,0,2": 7,
    "-10,0,3": 7,
    "-10,0,4": 7,
    "-10,0,5": 7,
    "-10,0,6": 7,
    "-10,0,7": 7,
    "-10,0,8": 7,
    "-10,0,9": 7,
    "-10,0,10": 7,
    "-10,0,11": 7,
    "-10,0,12": 7,
    "-10,0,13": 7,
    "-10,0,14": 7,
    "-10,0,15": 7,
    "-10,0,16": 7,
    "-10,0,17": 7,
    "-10,0,18": 7,
    "-10,0,19": 7,
    "-10,0,20": 7,
    "-10,0,21": 7,
    "-10,0,22": 7,
    "-10,0,23": 7,
    "-10,0,24": 7,
    "-10,0,25": 7,
    "-9,0,-24": 7,
    "-9,0,-23": 7,
    "-9,0,-22": 7,
    "-9,0,-21": 7,
    "-9,0,-20": 7,
    "-9,0,-19": 7,
    "-9,0,-18": 7,
    "-9,0,-17": 7,
    "-9,0,-16": 7,
    "-9,0,-15": 7,
    "-9,0,-14": 7,
    "-9,0,-13": 7,
    "-9,0,-12": 7,
    "-9,0,-11": 7,
    "-9,0,-10": 7,
    "-9,0,-9": 7,
    "-9,0,-8": 7,
    "-9,0,-7": 7,
    "-9,0,-6": 7,
    "-9,0,-5": 7,
    "-9,0,-4": 7,
    "-9,0,-3": 7,
    "-9,0,-2": 7,
    "-9,0,-1": 7,
    "-9,0,0": 7,
    "-9,0,1": 7,
    "-9,0,2": 7,
    "-9,0,3": 7,
    "-9,0,4": 7,
    "-9,0,5": 7,
    "-9,0,6": 7,
    "-9,0,7": 7,
    "-9,0,8": 7,
    "-9,0,9": 7,
    "-9,0,10": 7,
    "-9,0,11": 7,
    "-9,0,12": 7,
    "-9,0,13": 7,
    "-9,0,14": 7,
    "-9,0,15": 7,
    "-9,0,16": 7,
    "-9,0,17": 7,
    "-9,0,18": 7,
    "-9,0,19": 7,
    "-9,0,20": 7,
    "-9,0,21": 7,
    "-9,0,22": 7,
    "-9,0,23": 7,
    "-9,0,24": 7,
    "-9,0,25": 7,
    "-8,0,-24": 7,
    "-8,0,-23": 7,
    "-8,0,-22": 7,
    "-8,0,-21": 7,
    "-8,0,-20": 7,
    "-8,0,-19": 7,
    "-8,0,-18": 7,
    "-8,0,-17": 7,
    "-8,0,-16": 7,
    "-8,0,-15": 7,
    "-8,0,-14": 7,
    "-8,0,-13": 7,
    "-8,0,-12": 7,
    "-8,0,-11": 7,
    "-8,0,-10": 7,
    "-8,0,-9": 7,
    "-8,0,-8": 7,
    "-8,0,-7": 7,
    "-8,0,-6": 7,
    "-8,0,-5": 7,
    "-8,0,-4": 7,
    "-8,0,-3": 7,
    "-8,0,-2": 7,
    "-8,0,-1": 7,
    "-8,0,0": 7,
    "-8,0,1": 7,
    "-8,0,2": 7,
    "-8,0,3": 7,
    "-8,0,4": 7,
    "-8,0,5": 7,
    "-8,0,6": 7,
    "-8,0,7": 7,
    "-8,0,8": 7,
    "-8,0,9": 7,
    "-8,0,10": 7,
    "-8,0,11": 7,
    "-8,0,12": 7,
    "-8,0,13": 7,
    "-8,0,14": 7,
    "-8,0,15": 7,
    "-8,0,16": 7,
    "-8,0,17": 7,
    "-8,0,18": 7,
    "-8,0,19": 7,
    "-8,0,20": 7,
    "-8,0,21": 7,
    "-8,0,22": 7,
    "-8,0,23": 7,
    "-8,0,24": 7,
    "-8,0,25": 7,
    "-7,0,-24": 7,
    "-7,0,-23": 7,
    "-7,0,-22": 7,
    "-7,0,-21": 7,
    "-7,0,-20": 7,
    "-7,0,-19": 7,
    "-7,0,-18": 7,
    "-7,0,-17": 7,
    "-7,0,-16": 7,
    "-7,0,-15": 7,
    "-7,0,-14": 7,
    "-7,0,-13": 7,
    "-7,0,-12": 7,
    "-7,0,-11": 7,
    "-7,0,-10": 7,
    "-7,0,-9": 7,
    "-7,0,-8": 7,
    "-7,0,-7": 7,
    "-7,0,-6": 7,
    "-7,0,-5": 7,
    "-7,0,-4": 7,
    "-7,0,-3": 7,
    "-7,0,-2": 7,
    "-7,0,-1": 7,
    "-7,0,0": 7,
    "-7,0,1": 7,
    "-7,0,2": 7,
    "-7,0,3": 7,
    "-7,0,4": 7,
    "-7,0,5": 7,
    "-7,0,6": 7,
    "-7,0,7": 7,
    "-7,0,8": 7,
    "-7,0,9": 7,
    "-7,0,10": 7,
    "-7,0,11": 7,
    "-7,0,12": 7,
    "-7,0,13": 7,
    "-7,0,14": 7,
    "-7,0,15": 7,
    "-7,0,16": 7,
    "-7,0,17": 7,
    "-7,0,18": 7,
    "-7,0,19": 7,
    "-7,0,20": 7,
    "-7,0,21": 7,
    "-7,0,22": 7,
    "-7,0,23": 7,
    "-7,0,24": 7,
    "-7,0,25": 7,
    "-6,0,-24": 7,
    "-6,0,-23": 7,
    "-6,0,-22": 7,
    "-6,0,-21": 7,
    "-6,0,-20": 7,
    "-6,0,-19": 7,
    "-6,0,-18": 7,
    "-6,0,-17": 7,
    "-6,0,-16": 7,
    "-6,0,-15": 7,
    "-6,0,-14": 7,
    "-6,0,-13": 7,
    "-6,0,-12": 7,
    "-6,0,-11": 7,
    "-6,0,-10": 7,
    "-6,0,-9": 7,
    "-6,0,-8": 7,
    "-6,0,-7": 7,
    "-6,0,-6": 7,
    "-6,0,-5": 7,
    "-6,0,-4": 7,
    "-6,0,-3": 7,
    "-6,0,-2": 7,
    "-6,0,-1": 7,
    "-6,0,0": 7,
    "-6,0,1": 7,
    "-6,0,2": 7,
    "-6,0,3": 7,
    "-6,0,4": 7,
    "-6,0,5": 7,
    "-6,0,6": 7,
    "-6,0,7": 7,
    "-6,0,8": 7,
    "-6,0,9": 7,
    "-6,0,10": 7,
    "-6,0,11": 7,
    "-6,0,12": 7,
    "-6,0,13": 7,
    "-6,0,14": 7,
    "-6,0,15": 7,
    "-6,0,16": 7,
    "-6,0,17": 7,
    "-6,0,18": 7,
    "-6,0,19": 7,
    "-6,0,20": 7,
    "-6,0,21": 7,
    "-6,0,22": 7,
    "-6,0,23": 7,
    "-6,0,24": 7,
    "-6,0,25": 7,
    "-5,0,-24": 7,
    "-5,0,-23": 7,
    "-5,0,-22": 7,
    "-5,0,-21": 7,
    "-5,0,-20": 7,
    "-5,0,-19": 7,
    "-5,0,-18": 7,
    "-5,0,-17": 7,
    "-5,0,-16": 7,
    "-5,0,-15": 7,
    "-5,0,-14": 7,
    "-5,0,-13": 7,
    "-5,0,-12": 7,
    "-5,0,-11": 7,
    "-5,0,-10": 7,
    "-5,0,-9": 7,
    "-5,0,-8": 7,
    "-5,0,-7": 7,
    "-5,0,-6": 7,
    "-5,0,-5": 7,
    "-5,0,-4": 7,
    "-5,0,-3": 7,
    "-5,0,-2": 7,
    "-5,0,-1": 7,
    "-5,0,0": 7,
    "-5,0,1": 7,
    "-5,0,2": 7,
    "-5,0,3": 7,
    "-5,0,4": 7,
    "-5,0,5": 7,
    "-5,0,6": 7,
    "-5,0,7": 7,
    "-5,0,8": 7,
    "-5,0,9": 7,
    "-5,0,10": 7,
    "-5,0,11": 7,
    "-5,0,12": 7,
    "-5,0,13": 7,
    "-5,0,14": 7,
    "-5,0,15": 7,
    "-5,0,16": 7,
    "-5,0,17": 7,
    "-5,0,18": 7,
    "-5,0,19": 7,
    "-5,0,20": 7,
    "-5,0,21": 7,
    "-5,0,22": 7,
    "-5,0,23": 7,
    "-5,0,24": 7,
    "-5,0,25": 7,
    "-4,0,-24": 7,
    "-4,0,-23": 7,
    "-4,0,-22": 7,
    "-4,0,-21": 7,
    "-4,0,-20": 7,
    "-4,0,-19": 7,
    "-4,0,-18": 7,
    "-4,0,-17": 7,
    "-4,0,-16": 7,
    "-4,0,-15": 7,
    "-4,0,-14": 7,
    "-4,0,-13": 7,
    "-4,0,-12": 7,
    "-4,0,-11": 7,
    "-4,0,-10": 7,
    "-4,0,-9": 7,
    "-4,0,-8": 7,
    "-4,0,-7": 7,
    "-4,0,-6": 7,
    "-4,0,-5": 7,
    "-4,0,-4": 7,
    "-4,0,-3": 7,
    "-4,0,-2": 7,
    "-4,0,-1": 7,
    "-4,0,0": 7,
    "-4,0,1": 7,
    "-4,0,2": 7,
    "-4,0,3": 7,
    "-4,0,4": 7,
    "-4,0,5": 7,
    "-4,0,6": 7,
    "-4,0,7": 7,
    "-4,0,8": 7,
    "-4,0,9": 7,
    "-4,0,10": 7,
    "-4,0,11": 7,
    "-4,0,12": 7,
    "-4,0,13": 7,
    "-4,0,14": 7,
    "-4,0,15": 7,
    "-4,0,16": 7,
    "-4,0,17": 7,
    "-4,0,18": 7,
    "-4,0,19": 7,
    "-4,0,20": 7,
    "-4,0,21": 7,
    "-4,0,22": 7,
    "-4,0,23": 7,
    "-4,0,24": 7,
    "-4,0,25": 7,
    "-3,0,-24": 7,
    "-3,0,-23": 7,
    "-3,0,-22": 7,
    "-3,0,-21": 7,
    "-3,0,-20": 7,
    "-3,0,-19": 7,
    "-3,0,-18": 7,
    "-3,0,-17": 7,
    "-3,0,-16": 7,
    "-3,0,-15": 7,
    "-3,0,-14": 7,
    "-3,0,-13": 7,
    "-3,0,-12": 7,
    "-3,0,-11": 7,
    "-3,0,-10": 7,
    "-3,0,-9": 7,
    "-3,0,-8": 7,
    "-3,0,-7": 7,
    "-3,0,-6": 7,
    "-3,0,-5": 7,
    "-3,0,-4": 7,
    "-3,0,-3": 7,
    "-3,0,-2": 7,
    "-3,0,-1": 7,
    "-3,0,0": 7,
    "-3,0,1": 7,
    "-3,0,2": 7,
    "-3,0,3": 7,
    "-3,0,4": 7,
    "-3,0,5": 7,
    "-3,0,6": 7,
    "-3,0,7": 7,
    "-3,0,8": 7,
    "-3,0,9": 7,
    "-3,0,10": 7,
    "-3,0,11": 7,
    "-3,0,12": 7,
    "-3,0,13": 7,
    "-3,0,14": 7,
    "-3,0,15": 7,
    "-3,0,16": 7,
    "-3,0,17": 7,
    "-3,0,18": 7,
    "-3,0,19": 7,
    "-3,0,20": 7,
    "-3,0,21": 7,
    "-3,0,22": 7,
    "-3,0,23": 7,
    "-3,0,24": 7,
    "-3,0,25": 7,
    "-2,0,-24": 7,
    "-2,0,-23": 7,
    "-2,0,-22": 7,
    "-2,0,-21": 7,
    "-2,0,-20": 7,
    "-2,0,-19": 7,
    "-2,0,-18": 7,
    "-2,0,-17": 7,
    "-2,0,-16": 7,
    "-2,0,-15": 7,
    "-2,0,-14": 7,
    "-2,0,-13": 7,
    "-2,0,-12": 7,
    "-2,0,-11": 7,
    "-2,0,-10": 7,
    "-2,0,-9": 7,
    "-2,0,-8": 7,
    "-2,0,-7": 7,
    "-2,0,-6": 7,
    "-2,0,-5": 7,
    "-2,0,-4": 7,
    "-2,0,-3": 7,
    "-2,0,-2": 7,
    "-2,0,-1": 7,
    "-2,0,0": 7,
    "-2,0,1": 7,
    "-2,0,2": 7,
    "-2,0,3": 7,
    "-2,0,4": 7,
    "-2,0,5": 7,
    "-2,0,6": 7,
    "-2,0,7": 7,
    "-2,0,8": 7,
    "-2,0,9": 7,
    "-2,0,10": 7,
    "-2,0,11": 7,
    "-2,0,12": 7,
    "-2,0,13": 7,
    "-2,0,14": 7,
    "-2,0,15": 7,
    "-2,0,16": 7,
    "-2,0,17": 7,
    "-2,0,18": 7,
    "-2,0,19": 7,
    "-2,0,20": 7,
    "-2,0,21": 7,
    "-2,0,22": 7,
    "-2,0,23": 7,
    "-2,0,24": 7,
    "-2,0,25": 7,
    "-1,0,-24": 7,
    "-1,0,-23": 7,
    "-1,0,-22": 7,
    "-1,0,-21": 7,
    "-1,0,-20": 7,
    "-1,0,-19": 7,
    "-1,0,-18": 7,
    "-1,0,-17": 7,
    "-1,0,-16": 7,
    "-1,0,-15": 7,
    "-1,0,-14": 7,
    "-1,0,-13": 7,
    "-1,0,-12": 7,
    "-1,0,-11": 7,
    "-1,0,-10": 7,
    "-1,0,-9": 7,
    "-1,0,-8": 7,
    "-1,0,-7": 7,
    "-1,0,-6": 7,
    "-1,0,-5": 7,
    "-1,0,-4": 7,
    "-1,0,-3": 7,
    "-1,0,-2": 7,
    "-1,0,-1": 7,
    "-1,0,0": 7,
    "-1,0,1": 7,
    "-1,0,2": 7,
    "-1,0,3": 7,
    "-1,0,4": 7,
    "-1,0,5": 7,
    "-1,0,6": 7,
    "-1,0,7": 7,
    "-1,0,8": 7,
    "-1,0,9": 7,
    "-1,0,10": 7,
    "-1,0,11": 7,
    "-1,0,12": 7,
    "-1,0,13": 7,
    "-1,0,14": 7,
    "-1,0,15": 7,
    "-1,0,16": 7,
    "-1,0,17": 7,
    "-1,0,18": 7,
    "-1,0,19": 7,
    "-1,0,20": 7,
    "-1,0,21": 7,
    "-1,0,22": 7,
    "-1,0,23": 7,
    "-1,0,24": 7,
    "-1,0,25": 7,
    "0,0,-24": 7,
    "0,0,-23": 7,
    "0,0,-22": 7,
    "0,0,-21": 7,
    "0,0,-20": 7,
    "0,0,-19": 7,
    "0,0,-18": 7,
    "0,0,-17": 7,
    "0,0,-16": 7,
    "0,0,-15": 7,
    "0,0,-14": 7,
    "0,0,-13": 7,
    "0,0,-12": 7,
    "0,0,-11": 7,
    "0,0,-10": 7,
    "0,0,-9": 7,
    "0,0,-8": 7,
    "0,0,-7": 7,
    "0,0,-6": 7,
    "0,0,-5": 7,
    "0,0,-4": 7,
    "0,0,-3": 7,
    "0,0,-2": 7,
    "0,0,-1": 7,
    "0,0,0": 7,
    "0,0,1": 7,
    "0,0,2": 7,
    "0,0,3": 7,
    "0,0,4": 7,
    "0,0,5": 7,
    "0,0,6": 7,
    "0,0,7": 7,
    "0,0,8": 7,
    "0,0,9": 7,
    "0,0,10": 7,
    "0,0,11": 7,
    "0,0,12": 7,
    "0,0,13": 7,
    "0,0,14": 7,
    "0,0,15": 7,
    "0,0,16": 7,
    "0,0,17": 7,
    "0,0,18": 7,
    "0,0,19": 7,
    "0,0,20": 7,
    "0,0,21": 7,
    "0,0,22": 7,
    "0,0,23": 7,
    "0,0,24": 7,
    "0,0,25": 7,
    "1,0,-24": 7,
    "1,0,-23": 7,
    "1,0,-22": 7,
    "1,0,-21": 7,
    "1,0,-20": 7,
    "1,0,-19": 7,
    "1,0,-18": 7,
    "1,0,-17": 7,
    "1,0,-16": 7,
    "1,0,-15": 7,
    "1,0,-14": 7,
    "1,0,-13": 7,
    "1,0,-12": 7,
    "1,0,-11": 7,
    "1,0,-10": 7,
    "1,0,-9": 7,
    "1,0,-8": 7,
    "1,0,-7": 7,
    "1,0,-6": 7,
    "1,0,-5": 7,
    "1,0,-4": 7,
    "1,0,-3": 7,
    "1,0,-2": 7,
    "1,0,-1": 7,
    "1,0,0": 7,
    "1,0,1": 7,
    "1,0,2": 7,
    "1,0,3": 7,
    "1,0,4": 7,
    "1,0,5": 7,
    "1,0,6": 7,
    "1,0,7": 7,
    "1,0,8": 7,
    "1,0,9": 7,
    "1,0,10": 7,
    "1,0,11": 7,
    "1,0,12": 7,
    "1,0,13": 7,
    "1,0,14": 7,
    "1,0,15": 7,
    "1,0,16": 7,
    "1,0,17": 7,
    "1,0,18": 7,
    "1,0,19": 7,
    "1,0,20": 7,
    "1,0,21": 7,
    "1,0,22": 7,
    "1,0,23": 7,
    "1,0,24": 7,
    "1,0,25": 7,
    "2,0,-24": 7,
    "2,0,-23": 7,
    "2,0,-22": 7,
    "2,0,-21": 7,
    "2,0,-20": 7,
    "2,0,-19": 7,
    "2,0,-18": 7,
    "2,0,-17": 7,
    "2,0,-16": 7,
    "2,0,-15": 7,
    "2,0,-14": 7,
    "2,0,-13": 7,
    "2,0,-12": 7,
    "2,0,-11": 7,
    "2,0,-10": 7,
    "2,0,-9": 7,
    "2,0,-8": 7,
    "2,0,-7": 7,
    "2,0,-6": 7,
    "2,0,-5": 7,
    "2,0,-4": 7,
    "2,0,-3": 7,
    "2,0,-2": 7,
    "2,0,-1": 7,
    "2,0,0": 7,
    "2,0,1": 7,
    "2,0,2": 7,
    "2,0,3": 7,
    "2,0,4": 7,
    "2,0,5": 7,
    "2,0,6": 7,
    "2,0,7": 7,
    "2,0,8": 7,
    "2,0,9": 7,
    "2,0,10": 7,
    "2,0,11": 7,
    "2,0,12": 7,
    "2,0,13": 7,
    "2,0,14": 7,
    "2,0,15": 7,
    "2,0,16": 7,
    "2,0,17": 7,
    "2,0,18": 7,
    "2,0,19": 7,
    "2,0,20": 7,
    "2,0,21": 7,
    "2,0,22": 7,
    "2,0,23": 7,
    "2,0,24": 7,
    "2,0,25": 7,
    "3,0,-24": 7,
    "3,0,-23": 7,
    "3,0,-22": 7,
    "3,0,-21": 7,
    "3,0,-20": 7,
    "3,0,-19": 7,
    "3,0,-18": 7,
    "3,0,-17": 7,
    "3,0,-16": 7,
    "3,0,-15": 7,
    "3,0,-14": 7,
    "3,0,-13": 7,
    "3,0,-12": 7,
    "3,0,-11": 7,
    "3,0,-10": 7,
    "3,0,-9": 7,
    "3,0,-8": 7,
    "3,0,-7": 7,
    "3,0,-6": 7,
    "3,0,-5": 7,
    "3,0,-4": 7,
    "3,0,-3": 7,
    "3,0,-2": 7,
    "3,0,-1": 7,
    "3,0,0": 7,
    "3,0,1": 7,
    "3,0,2": 7,
    "3,0,3": 7,
    "3,0,4": 7,
    "3,0,5": 7,
    "3,0,6": 7,
    "3,0,7": 7,
    "3,0,8": 7,
    "3,0,9": 7,
    "3,0,10": 7,
    "3,0,11": 7,
    "3,0,12": 7,
    "3,0,13": 7,
    "3,0,14": 7,
    "3,0,15": 7,
    "3,0,16": 7,
    "3,0,17": 7,
    "3,0,18": 7,
    "3,0,19": 7,
    "3,0,20": 7,
    "3,0,21": 7,
    "3,0,22": 7,
    "3,0,23": 7,
    "3,0,24": 7,
    "3,0,25": 7,
    "4,0,-24": 7,
    "4,0,-23": 7,
    "4,0,-22": 7,
    "4,0,-21": 7,
    "4,0,-20": 7,
    "4,0,-19": 7,
    "4,0,-18": 7,
    "4,0,-17": 7,
    "4,0,-16": 7,
    "4,0,-15": 7,
    "4,0,-14": 7,
    "4,0,-13": 7,
    "4,0,-12": 7,
    "4,0,-11": 7,
    "4,0,-10": 7,
    "4,0,-9": 7,
    "4,0,-8": 7,
    "4,0,-7": 7,
    "4,0,-6": 7,
    "4,0,-5": 7,
    "4,0,-4": 7,
    "4,0,-3": 7,
    "4,0,-2": 7,
    "4,0,-1": 7,
    "4,0,0": 7,
    "4,0,1": 7,
    "4,0,2": 7,
    "4,0,3": 7,
    "4,0,4": 7,
    "4,0,5": 7,
    "4,0,6": 7,
    "4,0,7": 7,
    "4,0,8": 7,
    "4,0,9": 7,
    "4,0,10": 7,
    "4,0,11": 7,
    "4,0,12": 7,
    "4,0,13": 7,
    "4,0,14": 7,
    "4,0,15": 7,
    "4,0,16": 7,
    "4,0,17": 7,
    "4,0,18": 7,
    "4,0,19": 7,
    "4,0,20": 7,
    "4,0,21": 7,
    "4,0,22": 7,
    "4,0,23": 7,
    "4,0,24": 7,
    "4,0,25": 7,
    "5,0,-24": 7,
    "5,0,-23": 7,
    "5,0,-22": 7,
    "5,0,-21": 7,
    "5,0,-20": 7,
    "5,0,-19": 7,
    "5,0,-18": 7,
    "5,0,-17": 7,
    "5,0,-16": 7,
    "5,0,-15": 7,
    "5,0,-14": 7,
    "5,0,-13": 7,
    "5,0,-12": 7,
    "5,0,-11": 7,
    "5,0,-10": 7,
    "5,0,-9": 7,
    "5,0,-8": 7,
    "5,0,-7": 7,
    "5,0,-6": 7,
    "5,0,-5": 7,
    "5,0,-4": 7,
    "5,0,-3": 7,
    "5,0,-2": 7,
    "5,0,-1": 7,
    "5,0,0": 7,
    "5,0,1": 7,
    "5,0,2": 7,
    "5,0,3": 7,
    "5,0,4": 7,
    "5,0,5": 7,
    "5,0,6": 7,
    "5,0,7": 7,
    "5,0,8": 7,
    "5,0,9": 7,
    "5,0,10": 7,
    "5,0,11": 7,
    "5,0,12": 7,
    "5,0,13": 7,
    "5,0,14": 7,
    "5,0,15": 7,
    "5,0,16": 7,
    "5,0,17": 7,
    "5,0,18": 7,
    "5,0,19": 7,
    "5,0,20": 7,
    "5,0,21": 7,
    "5,0,22": 7,
    "5,0,23": 7,
    "5,0,24": 7,
    "5,0,25": 7,
    "6,0,-24": 7,
    "6,0,-23": 7,
    "6,0,-22": 7,
    "6,0,-21": 7,
    "6,0,-20": 7,
    "6,0,-19": 7,
    "6,0,-18": 7,
    "6,0,-17": 7,
    "6,0,-16": 7,
    "6,0,-15": 7,
    "6,0,-14": 7,
    "6,0,-13": 7,
    "6,0,-12": 7,
    "6,0,-11": 7,
    "6,0,-10": 7,
    "6,0,-9": 7,
    "6,0,-8": 7,
    "6,0,-7": 7,
    "6,0,-6": 7,
    "6,0,-5": 7,
    "6,0,-4": 7,
    "6,0,-3": 7,
    "6,0,-2": 7,
    "6,0,-1": 7,
    "6,0,0": 7,
    "6,0,1": 7,
    "6,0,2": 7,
    "6,0,3": 7,
    "6,0,4": 7,
    "6,0,5": 7,
    "6,0,6": 7,
    "6,0,7": 7,
    "6,0,8": 7,
    "6,0,9": 7,
    "6,0,10": 7,
    "6,0,11": 7,
    "6,0,12": 7,
    "6,0,13": 7,
    "6,0,14": 7,
    "6,0,15": 7,
    "6,0,16": 7,
    "6,0,17": 7,
    "6,0,18": 7,
    "6,0,19": 7,
    "6,0,20": 7,
    "6,0,21": 7,
    "6,0,22": 7,
    "6,0,23": 7,
    "6,0,24": 7,
    "6,0,25": 7,
    "7,0,-24": 7,
    "7,0,-23": 7,
    "7,0,-22": 7,
    "7,0,-21": 7,
    "7,0,-20": 7,
    "7,0,-19": 7,
    "7,0,-18": 7,
    "7,0,-17": 7,
    "7,0,-16": 7,
    "7,0,-15": 7,
    "7,0,-14": 7,
    "7,0,-13": 7,
    "7,0,-12": 7,
    "7,0,-11": 7,
    "7,0,-10": 7,
    "7,0,-9": 7,
    "7,0,-8": 7,
    "7,0,-7": 7,
    "7,0,-6": 7,
    "7,0,-5": 7,
    "7,0,-4": 7,
    "7,0,-3": 7,
    "7,0,-2": 7,
    "7,0,-1": 7,
    "7,0,0": 7,
    "7,0,1": 7,
    "7,0,2": 7,
    "7,0,3": 7,
    "7,0,4": 7,
    "7,0,5": 7,
    "7,0,6": 7,
    "7,0,7": 7,
    "7,0,8": 7,
    "7,0,9": 7,
    "7,0,10": 7,
    "7,0,11": 7,
    "7,0,12": 7,
    "7,0,13": 7,
    "7,0,14": 7,
    "7,0,15": 7,
    "7,0,16": 7,
    "7,0,17": 7,
    "7,0,18": 7,
    "7,0,19": 7,
    "7,0,20": 7,
    "7,0,21": 7,
    "7,0,22": 7,
    "7,0,23": 7,
    "7,0,24": 7,
    "7,0,25": 7,
    "8,0,-24": 7,
    "8,0,-23": 7,
    "8,0,-22": 7,
    "8,0,-21": 7,
    "8,0,-20": 7,
    "8,0,-19": 7,
    "8,0,-18": 7,
    "8,0,-17": 7,
    "8,0,-16": 7,
    "8,0,-15": 7,
    "8,0,-14": 7,
    "8,0,-13": 7,
    "8,0,-12": 7,
    "8,0,-11": 7,
    "8,0,-10": 7,
    "8,0,-9": 7,
    "8,0,-8": 7,
    "8,0,-7": 7,
    "8,0,-6": 7,
    "8,0,-5": 7,
    "8,0,-4": 7,
    "8,0,-3": 7,
    "8,0,-2": 7,
    "8,0,-1": 7,
    "8,0,0": 7,
    "8,0,1": 7,
    "8,0,2": 7,
    "8,0,3": 7,
    "8,0,4": 7,
    "8,0,5": 7,
    "8,0,6": 7,
    "8,0,7": 7,
    "8,0,8": 7,
    "8,0,9": 7,
    "8,0,10": 7,
    "8,0,11": 7,
    "8,0,12": 7,
    "8,0,13": 7,
    "8,0,14": 7,
    "8,0,15": 7,
    "8,0,16": 7,
    "8,0,17": 7,
    "8,0,18": 7,
    "8,0,19": 7,
    "8,0,20": 7,
    "8,0,21": 7,
    "8,0,22": 7,
    "8,0,23": 7,
    "8,0,24": 7,
    "8,0,25": 7,
    "9,0,-24": 7,
    "9,0,-23": 7,
    "9,0,-22": 7,
    "9,0,-21": 7,
    "9,0,-20": 7,
    "9,0,-19": 7,
    "9,0,-18": 7,
    "9,0,-17": 7,
    "9,0,-16": 7,
    "9,0,-15": 7,
    "9,0,-14": 7,
    "9,0,-13": 7,
    "9,0,-12": 7,
    "9,0,-11": 7,
    "9,0,-10": 7,
    "9,0,-9": 7,
    "9,0,-8": 7,
    "9,0,-7": 7,
    "9,0,-6": 7,
    "9,0,-5": 7,
    "9,0,-4": 7,
    "9,0,-3": 7,
    "9,0,-2": 7,
    "9,0,-1": 7,
    "9,0,0": 7,
    "9,0,1": 7,
    "9,0,2": 7,
    "9,0,3": 7,
    "9,0,4": 7,
    "9,0,5": 7,
    "9,0,6": 7,
    "9,0,7": 7,
    "9,0,8": 7,
    "9,0,9": 7,
    "9,0,10": 7,
    "9,0,11": 7,
    "9,0,12": 7,
    "9,0,13": 7,
    "9,0,14": 7,
    "9,0,15": 7,
    "9,0,16": 7,
    "9,0,17": 7,
    "9,0,18": 7,
    "9,0,19": 7,
    "9,0,20": 7,
    "9,0,21": 7,
    "9,0,22": 7,
    "9,0,23": 7,
    "9,0,24": 7,
    "9,0,25": 7,
    "10,0,-24": 7,
    "10,0,-23": 7,
    "10,0,-22": 7,
    "10,0,-21": 7,
    "10,0,-20": 7,
    "10,0,-19": 7,
    "10,0,-18": 7,
    "10,0,-17": 7,
    "10,0,-16": 7,
    "10,0,-15": 7,
    "10,0,-14": 7,
    "10,0,-13": 7,
    "10,0,-12": 7,
    "10,0,-11": 7,
    "10,0,-10": 7,
    "10,0,-9": 7,
    "10,0,-8": 7,
    "10,0,-7": 7,
    "10,0,-6": 7,
    "10,0,-5": 7,
    "10,0,-4": 7,
    "10,0,-3": 7,
    "10,0,-2": 7,
    "10,0,-1": 7,
    "10,0,0": 7,
    "10,0,1": 7,
    "10,0,2": 7,
    "10,0,3": 7,
    "10,0,4": 7,
    "10,0,5": 7,
    "10,0,6": 7,
    "10,0,7": 7,
    "10,0,8": 7,
    "10,0,9": 7,
    "10,0,10": 7,
    "10,0,11": 7,
    "10,0,12": 7,
    "10,0,13": 7,
    "10,0,14": 7,
    "10,0,15": 7,
    "10,0,16": 7,
    "10,0,17": 7,
    "10,0,18": 7,
    "10,0,19": 7,
    "10,0,20": 7,
    "10,0,21": 7,
    "10,0,22": 7,
    "10,0,23": 7,
    "10,0,24": 7,
    "10,0,25": 7,
    "11,0,-24": 7,
    "11,0,-23": 7,
    "11,0,-22": 7,
    "11,0,-21": 7,
    "11,0,-20": 7,
    "11,0,-19": 7,
    "11,0,-18": 7,
    "11,0,-17": 7,
    "11,0,-16": 7,
    "11,0,-15": 7,
    "11,0,-14": 7,
    "11,0,-13": 7,
    "11,0,-12": 7,
    "11,0,-11": 7,
    "11,0,-10": 7,
    "11,0,-9": 7,
    "11,0,-8": 7,
    "11,0,-7": 7,
    "11,0,-6": 7,
    "11,0,-5": 7,
    "11,0,-4": 7,
    "11,0,-3": 7,
    "11,0,-2": 7,
    "11,0,-1": 7,
    "11,0,0": 7,
    "11,0,1": 7,
    "11,0,2": 7,
    "11,0,3": 7,
    "11,0,4": 7,
    "11,0,5": 7,
    "11,0,6": 7,
    "11,0,7": 7,
    "11,0,8": 7,
    "11,0,9": 7,
    "11,0,10": 7,
    "11,0,11": 7,
    "11,0,12": 7,
    "11,0,13": 7,
    "11,0,14": 7,
    "11,0,15": 7,
    "11,0,16": 7,
    "11,0,17": 7,
    "11,0,18": 7,
    "11,0,19": 7,
    "11,0,20": 7,
    "11,0,21": 7,
    "11,0,22": 7,
    "11,0,23": 7,
    "11,0,24": 7,
    "11,0,25": 7,
    "12,0,-24": 7,
    "12,0,-23": 7,
    "12,0,-22": 7,
    "12,0,-21": 7,
    "12,0,-20": 7,
    "12,0,-19": 7,
    "12,0,-18": 7,
    "12,0,-17": 7,
    "12,0,-16": 7,
    "12,0,-15": 7,
    "12,0,-14": 7,
    "12,0,-13": 7,
    "12,0,-12": 7,
    "12,0,-11": 7,
    "12,0,-10": 7,
    "12,0,-9": 7,
    "12,0,-8": 7,
    "12,0,-7": 7,
    "12,0,-6": 7,
    "12,0,-5": 7,
    "12,0,-4": 7,
    "12,0,-3": 7,
    "12,0,-2": 7,
    "12,0,-1": 7,
    "12,0,0": 7,
    "12,0,1": 7,
    "12,0,2": 7,
    "12,0,3": 7,
    "12,0,4": 7,
    "12,0,5": 7,
    "12,0,6": 7,
    "12,0,7": 7,
    "12,0,8": 7,
    "12,0,9": 7,
    "12,0,10": 7,
    "12,0,11": 7,
    "12,0,12": 7,
    "12,0,13": 7,
    "12,0,14": 7,
    "12,0,15": 7,
    "12,0,16": 7,
    "12,0,17": 7,
    "12,0,18": 7,
    "12,0,19": 7,
    "12,0,20": 7,
    "12,0,21": 7,
    "12,0,22": 7,
    "12,0,23": 7,
    "12,0,24": 7,
    "12,0,25": 7,
    "13,0,-24": 7,
    "13,0,-23": 7,
    "13,0,-22": 7,
    "13,0,-21": 7,
    "13,0,-20": 7,
    "13,0,-19": 7,
    "13,0,-18": 7,
    "13,0,-17": 7,
    "13,0,-16": 7,
    "13,0,-15": 7,
    "13,0,-14": 7,
    "13,0,-13": 7,
    "13,0,-12": 7,
    "13,0,-11": 7,
    "13,0,-10": 7,
    "13,0,-9": 7,
    "13,0,-8": 7,
    "13,0,-7": 7,
    "13,0,-6": 7,
    "13,0,-5": 7,
    "13,0,-4": 7,
    "13,0,-3": 7,
    "13,0,-2": 7,
    "13,0,-1": 7,
    "13,0,0": 7,
    "13,0,1": 7,
    "13,0,2": 7,
    "13,0,3": 7,
    "13,0,4": 7,
    "13,0,5": 7,
    "13,0,6": 7,
    "13,0,7": 7,
    "13,0,8": 7,
    "13,0,9": 7,
    "13,0,10": 7,
    "13,0,11": 7,
    "13,0,12": 7,
    "13,0,13": 7,
    "13,0,14": 7,
    "13,0,15": 7,
    "13,0,16": 7,
    "13,0,17": 7,
    "13,0,18": 7,
    "13,0,19": 7,
    "13,0,20": 7,
    "13,0,21": 7,
    "13,0,22": 7,
    "13,0,23": 7,
    "13,0,24": 7,
    "13,0,25": 7,
    "14,0,-24": 7,
    "14,0,-23": 7,
    "14,0,-22": 7,
    "14,0,-21": 7,
    "14,0,-20": 7,
    "14,0,-19": 7,
    "14,0,-18": 7,
    "14,0,-17": 7,
    "14,0,-16": 7,
    "14,0,-15": 7,
    "14,0,-14": 7,
    "14,0,-13": 7,
    "14,0,-12": 7,
    "14,0,-11": 7,
    "14,0,-10": 7,
    "14,0,-9": 7,
    "14,0,-8": 7,
    "14,0,-7": 7,
    "14,0,-6": 7,
    "14,0,-5": 7,
    "14,0,-4": 7,
    "14,0,-3": 7,
    "14,0,-2": 7,
    "14,0,-1": 7,
    "14,0,0": 7,
    "14,0,1": 7,
    "14,0,2": 7,
    "14,0,3": 7,
    "14,0,4": 7,
    "14,0,5": 7,
    "14,0,6": 7,
    "14,0,7": 7,
    "14,0,8": 7,
    "14,0,9": 7,
    "14,0,10": 7,
    "14,0,11": 7,
    "14,0,12": 7,
    "14,0,13": 7,
    "14,0,14": 7,
    "14,0,15": 7,
    "14,0,16": 7,
    "14,0,17": 7,
    "14,0,18": 7,
    "14,0,19": 7,
    "14,0,20": 7,
    "14,0,21": 7,
    "14,0,22": 7,
    "14,0,23": 7,
    "14,0,24": 7,
    "14,0,25": 7,
    "15,0,-24": 7,
    "15,0,-23": 7,
    "15,0,-22": 7,
    "15,0,-21": 7,
    "15,0,-20": 7,
    "15,0,-19": 7,
    "15,0,-18": 7,
    "15,0,-17": 7,
    "15,0,-16": 7,
    "15,0,-15": 7,
    "15,0,-14": 7,
    "15,0,-13": 7,
    "15,0,-12": 7,
    "15,0,-11": 7,
    "15,0,-10": 7,
    "15,0,-9": 7,
    "15,0,-8": 7,
    "15,0,-7": 7,
    "15,0,-6": 7,
    "15,0,-5": 7,
    "15,0,-4": 7,
    "15,0,-3": 7,
    "15,0,-2": 7,
    "15,0,-1": 7,
    "15,0,0": 7,
    "15,0,1": 7,
    "15,0,2": 7,
    "15,0,3": 7,
    "15,0,4": 7,
    "15,0,5": 7,
    "15,0,6": 7,
    "15,0,7": 7,
    "15,0,8": 7,
    "15,0,9": 7,
    "15,0,10": 7,
    "15,0,11": 7,
    "15,0,12": 7,
    "15,0,13": 7,
    "15,0,14": 7,
    "15,0,15": 7,
    "15,0,16": 7,
    "15,0,17": 7,
    "15,0,18": 7,
    "15,0,19": 7,
    "15,0,20": 7,
    "15,0,21": 7,
    "15,0,22": 7,
    "15,0,23": 7,
    "15,0,24": 7,
    "15,0,25": 7,
    "16,0,-24": 7,
    "16,0,-23": 7,
    "16,0,-22": 7,
    "16,0,-21": 7,
    "16,0,-20": 7,
    "16,0,-19": 7,
    "16,0,-18": 7,
    "16,0,-17": 7,
    "16,0,-16": 7,
    "16,0,-15": 7,
    "16,0,-14": 7,
    "16,0,-13": 7,
    "16,0,-12": 7,
    "16,0,-11": 7,
    "16,0,-10": 7,
    "16,0,-9": 7,
    "16,0,-8": 7,
    "16,0,-7": 7,
    "16,0,-6": 7,
    "16,0,-5": 7,
    "16,0,-4": 7,
    "16,0,-3": 7,
    "16,0,-2": 7,
    "16,0,-1": 7,
    "16,0,0": 7,
    "16,0,1": 7,
    "16,0,2": 7,
    "16,0,3": 7,
    "16,0,4": 7,
    "16,0,5": 7,
    "16,0,6": 7,
    "16,0,7": 7,
    "16,0,8": 7,
    "16,0,9": 7,
    "16,0,10": 7,
    "16,0,11": 7,
    "16,0,12": 7,
    "16,0,13": 7,
    "16,0,14": 7,
    "16,0,15": 7,
    "16,0,16": 7,
    "16,0,17": 7,
    "16,0,18": 7,
    "16,0,19": 7,
    "16,0,20": 7,
    "16,0,21": 7,
    "16,0,22": 7,
    "16,0,23": 7,
    "16,0,24": 7,
    "16,0,25": 7,
    "17,0,-24": 7,
    "17,0,-23": 7,
    "17,0,-22": 7,
    "17,0,-21": 7,
    "17,0,-20": 7,
    "17,0,-19": 7,
    "17,0,-18": 7,
    "17,0,-17": 7,
    "17,0,-16": 7,
    "17,0,-15": 7,
    "17,0,-14": 7,
    "17,0,-13": 7,
    "17,0,-12": 7,
    "17,0,-11": 7,
    "17,0,-10": 7,
    "17,0,-9": 7,
    "17,0,-8": 7,
    "17,0,-7": 7,
    "17,0,-6": 7,
    "17,0,-5": 7,
    "17,0,-4": 7,
    "17,0,-3": 7,
    "17,0,-2": 7,
    "17,0,-1": 7,
    "17,0,0": 7,
    "17,0,1": 7,
    "17,0,2": 7,
    "17,0,3": 7,
    "17,0,4": 7,
    "17,0,5": 7,
    "17,0,6": 7,
    "17,0,7": 7,
    "17,0,8": 7,
    "17,0,9": 7,
    "17,0,10": 7,
    "17,0,11": 7,
    "17,0,12": 7,
    "17,0,13": 7,
    "17,0,14": 7,
    "17,0,15": 7,
    "17,0,16": 7,
    "17,0,17": 7,
    "17,0,18": 7,
    "17,0,19": 7,
    "17,0,20": 7,
    "17,0,21": 7,
    "17,0,22": 7,
    "17,0,23": 7,
    "17,0,24": 7,
    "17,0,25": 7,
    "18,0,-24": 7,
    "18,0,-23": 7,
    "18,0,-22": 7,
    "18,0,-21": 7,
    "18,0,-20": 7,
    "18,0,-19": 7,
    "18,0,-18": 7,
    "18,0,-17": 7,
    "18,0,-16": 7,
    "18,0,-15": 7,
    "18,0,-14": 7,
    "18,0,-13": 7,
    "18,0,-12": 7,
    "18,0,-11": 7,
    "18,0,-10": 7,
    "18,0,-9": 7,
    "18,0,-8": 7,
    "18,0,-7": 7,
    "18,0,-6": 7,
    "18,0,-5": 7,
    "18,0,-4": 7,
    "18,0,-3": 7,
    "18,0,-2": 7,
    "18,0,-1": 7,
    "18,0,0": 7,
    "18,0,1": 7,
    "18,0,2": 7,
    "18,0,3": 7,
    "18,0,4": 7,
    "18,0,5": 7,
    "18,0,6": 7,
    "18,0,7": 7,
    "18,0,8": 7,
    "18,0,9": 7,
    "18,0,10": 7,
    "18,0,11": 7,
    "18,0,12": 7,
    "18,0,13": 7,
    "18,0,14": 7,
    "18,0,15": 7,
    "18,0,16": 7,
    "18,0,17": 7,
    "18,0,18": 7,
    "18,0,19": 7,
    "18,0,20": 7,
    "18,0,21": 7,
    "18,0,22": 7,
    "18,0,23": 7,
    "18,0,24": 7,
    "18,0,25": 7,
    "19,0,-24": 7,
    "19,0,-23": 7,
    "19,0,-22": 7,
    "19,0,-21": 7,
    "19,0,-20": 7,
    "19,0,-19": 7,
    "19,0,-18": 7,
    "19,0,-17": 7,
    "19,0,-16": 7,
    "19,0,-15": 7,
    "19,0,-14": 7,
    "19,0,-13": 7,
    "19,0,-12": 7,
    "19,0,-11": 7,
    "19,0,-10": 7,
    "19,0,-9": 7,
    "19,0,-8": 7,
    "19,0,-7": 7,
    "19,0,-6": 7,
    "19,0,-5": 7,
    "19,0,-4": 7,
    "19,0,-3": 7,
    "19,0,-2": 7,
    "19,0,-1": 7,
    "19,0,0": 7,
    "19,0,1": 7,
    "19,0,2": 7,
    "19,0,3": 7,
    "19,0,4": 7,
    "19,0,5": 7,
    "19,0,6": 7,
    "19,0,7": 7,
    "19,0,8": 7,
    "19,0,9": 7,
    "19,0,10": 7,
    "19,0,11": 7,
    "19,0,12": 7,
    "19,0,13": 7,
    "19,0,14": 7,
    "19,0,15": 7,
    "19,0,16": 7,
    "19,0,17": 7,
    "19,0,18": 7,
    "19,0,19": 7,
    "19,0,20": 7,
    "19,0,21": 7,
    "19,0,22": 7,
    "19,0,23": 7,
    "19,0,24": 7,
    "19,0,25": 7,
    "20,0,-24": 7,
    "20,0,-23": 7,
    "20,0,-22": 7,
    "20,0,-21": 7,
    "20,0,-20": 7,
    "20,0,-19": 7,
    "20,0,-18": 7,
    "20,0,-17": 7,
    "20,0,-16": 7,
    "20,0,-15": 7,
    "20,0,-14": 7,
    "20,0,-13": 7,
    "20,0,-12": 7,
    "20,0,-11": 7,
    "20,0,-10": 7,
    "20,0,-9": 7,
    "20,0,-8": 7,
    "20,0,-7": 7,
    "20,0,-6": 7,
    "20,0,-5": 7,
    "20,0,-4": 7,
    "20,0,-3": 7,
    "20,0,-2": 7,
    "20,0,-1": 7,
    "20,0,0": 7,
    "20,0,1": 7,
    "20,0,2": 7,
    "20,0,3": 7,
    "20,0,4": 7,
    "20,0,5": 7,
    "20,0,6": 7,
    "20,0,7": 7,
    "20,0,8": 7,
    "20,0,9": 7,
    "20,0,10": 7,
    "20,0,11": 7,
    "20,0,12": 7,
    "20,0,13": 7,
    "20,0,14": 7,
    "20,0,15": 7,
    "20,0,16": 7,
    "20,0,17": 7,
    "20,0,18": 7,
    "20,0,19": 7,
    "20,0,20": 7,
    "20,0,21": 7,
    "20,0,22": 7,
    "20,0,23": 7,
    "20,0,24": 7,
    "20,0,25": 7,
    "21,0,-24": 7,
    "21,0,-23": 7,
    "21,0,-22": 7,
    "21,0,-21": 7,
    "21,0,-20": 7,
    "21,0,-19": 7,
    "21,0,-18": 7,
    "21,0,-17": 7,
    "21,0,-16": 7,
    "21,0,-15": 7,
    "21,0,-14": 7,
    "21,0,-13": 7,
    "21,0,-12": 7,
    "21,0,-11": 7,
    "21,0,-10": 7,
    "21,0,-9": 7,
    "21,0,-8": 7,
    "21,0,-7": 7,
    "21,0,-6": 7,
    "21,0,-5": 7,
    "21,0,-4": 7,
    "21,0,-3": 7,
    "21,0,-2": 7,
    "21,0,-1": 7,
    "21,0,0": 7,
    "21,0,1": 7,
    "21,0,2": 7,
    "21,0,3": 7,
    "21,0,4": 7,
    "21,0,5": 7,
    "21,0,6": 7,
    "21,0,7": 7,
    "21,0,8": 7,
    "21,0,9": 7,
    "21,0,10": 7,
    "21,0,11": 7,
    "21,0,12": 7,
    "21,0,13": 7,
    "21,0,14": 7,
    "21,0,15": 7,
    "21,0,16": 7,
    "21,0,17": 7,
    "21,0,18": 7,
    "21,0,19": 7,
    "21,0,20": 7,
    "21,0,21": 7,
    "21,0,22": 7,
    "21,0,23": 7,
    "21,0,24": 7,
    "21,0,25": 7,
    "22,0,-24": 7,
    "22,0,-23": 7,
    "22,0,-22": 7,
    "22,0,-21": 7,
    "22,0,-20": 7,
    "22,0,-19": 7,
    "22,0,-18": 7,
    "22,0,-17": 7,
    "22,0,-16": 7,
    "22,0,-15": 7,
    "22,0,-14": 7,
    "22,0,-13": 7,
    "22,0,-12": 7,
    "22,0,-11": 7,
    "22,0,-10": 7,
    "22,0,-9": 7,
    "22,0,-8": 7,
    "22,0,-7": 7,
    "22,0,-6": 7,
    "22,0,-5": 7,
    "22,0,-4": 7,
    "22,0,-3": 7,
    "22,0,-2": 7,
    "22,0,-1": 7,
    "22,0,0": 7,
    "22,0,1": 7,
    "22,0,2": 7,
    "22,0,3": 7,
    "22,0,4": 7,
    "22,0,5": 7,
    "22,0,6": 7,
    "22,0,7": 7,
    "22,0,8": 7,
    "22,0,9": 7,
    "22,0,10": 7,
    "22,0,11": 7,
    "22,0,12": 7,
    "22,0,13": 7,
    "22,0,14": 7,
    "22,0,15": 7,
    "22,0,16": 7,
    "22,0,17": 7,
    "22,0,18": 7,
    "22,0,19": 7,
    "22,0,20": 7,
    "22,0,21": 7,
    "22,0,22": 7,
    "22,0,23": 7,
    "22,0,24": 7,
    "22,0,25": 7,
    "23,0,-24": 7,
    "23,0,-23": 7,
    "23,0,-22": 7,
    "23,0,-21": 7,
    "23,0,-20": 7,
    "23,0,-19": 7,
    "23,0,-18": 7,
    "23,0,-17": 7,
    "23,0,-16": 7,
    "23,0,-15": 7,
    "23,0,-14": 7,
    "23,0,-13": 7,
    "23,0,-12": 7,
    "23,0,-11": 7,
    "23,0,-10": 7,
    "23,0,-9": 7,
    "23,0,-8": 7,
    "23,0,-7": 7,
    "23,0,-6": 7,
    "23,0,-5": 7,
    "23,0,-4": 7,
    "23,0,-3": 7,
    "23,0,-2": 7,
    "23,0,-1": 7,
    "23,0,0": 7,
    "23,0,1": 7,
    "23,0,2": 7,
    "23,0,3": 7,
    "23,0,4": 7,
    "23,0,5": 7,
    "23,0,6": 7,
    "23,0,7": 7,
    "23,0,8": 7,
    "23,0,9": 7,
    "23,0,10": 7,
    "23,0,11": 7,
    "23,0,12": 7,
    "23,0,13": 7,
    "23,0,14": 7,
    "23,0,15": 7,
    "23,0,16": 7,
    "23,0,17": 7,
    "23,0,18": 7,
    "23,0,19": 7,
    "23,0,20": 7,
    "23,0,21": 7,
    "23,0,22": 7,
    "23,0,23": 7,
    "23,0,24": 7,
    "23,0,25": 7,
    "24,0,-24": 7,
    "24,0,-23": 7,
    "24,0,-22": 7,
    "24,0,-21": 7,
    "24,0,-20": 7,
    "24,0,-19": 7,
    "24,0,-18": 7,
    "24,0,-17": 7,
    "24,0,-16": 7,
    "24,0,-15": 7,
    "24,0,-14": 7,
    "24,0,-13": 7,
    "24,0,-12": 7,
    "24,0,-11": 7,
    "24,0,-10": 7,
    "24,0,-9": 7,
    "24,0,-8": 7,
    "24,0,-7": 7,
    "24,0,-6": 7,
    "24,0,-5": 7,
    "24,0,-4": 7,
    "24,0,-3": 7,
    "24,0,-2": 7,
    "24,0,-1": 7,
    "24,0,0": 7,
    "24,0,1": 7,
    "24,0,2": 7,
    "24,0,3": 7,
    "24,0,4": 7,
    "24,0,5": 7,
    "24,0,6": 7,
    "24,0,7": 7,
    "24,0,8": 7,
    "24,0,9": 7,
    "24,0,10": 7,
    "24,0,11": 7,
    "24,0,12": 7,
    "24,0,13": 7,
    "24,0,14": 7,
    "24,0,15": 7,
    "24,0,16": 7,
    "24,0,17": 7,
    "24,0,18": 7,
    "24,0,19": 7,
    "24,0,20": 7,
    "24,0,21": 7,
    "24,0,22": 7,
    "24,0,23": 7,
    "24,0,24": 7,
    "24,0,25": 7,
    "25,0,-24": 7,
    "25,0,-23": 7,
    "25,0,-22": 7,
    "25,0,-21": 7,
    "25,0,-20": 7,
    "25,0,-19": 7,
    "25,0,-18": 7,
    "25,0,-17": 7,
    "25,0,-16": 7,
    "25,0,-15": 7,
    "25,0,-14": 7,
    "25,0,-13": 7,
    "25,0,-12": 7,
    "25,0,-11": 7,
    "25,0,-10": 7,
    "25,0,-9": 7,
    "25,0,-8": 7,
    "25,0,-7": 7,
    "25,0,-6": 7,
    "25,0,-5": 7,
    "25,0,-4": 7,
    "25,0,-3": 7,
    "25,0,-2": 7,
    "25,0,-1": 7,
    "25,0,0": 7,
    "25,0,1": 7,
    "25,0,2": 7,
    "25,0,3": 7,
    "25,0,4": 7,
    "25,0,5": 7,
    "25,0,6": 7,
    "25,0,7": 7,
    "25,0,8": 7,
    "25,0,9": 7,
    "25,0,10": 7,
    "25,0,11": 7,
    "25,0,12": 7,
    "25,0,13": 7,
    "25,0,14": 7,
    "25,0,15": 7,
    "25,0,16": 7,
    "25,0,17": 7,
    "25,0,18": 7,
    "25,0,19": 7,
    "25,0,20": 7,
    "25,0,21": 7,
    "25,0,22": 7,
    "25,0,23": 7,
    "25,0,24": 7,
    "25,0,25": 7,
    "1,1,-11": 19,
    "2,1,-11": 19,
    "2,2,-11": 19,
    "3,1,-11": 19,
    "3,2,-11": 19,
    "3,3,-11": 19,
    "-1,1,12": 11
  }
}